Country Name,Country Code,Year,Secondary Completion Rate (%),Education Expenditure (% of GDP),Primary Enrolment Rate(%),GDP per Capita,Life Expectancy (Years),Infant Mortality Rate (per 1000 live births)
Australia,AUS,2000,80.95999908447266,4.884079933166504,95.29357147216797,21870.42,79.23,6.2
Australia,AUS,2001,81.48999786376953,,99.52427673339844,19695.73,79.63,6.1
Australia,AUS,2002,82.0199966430664,,99.66871643066406,20301.84,79.94,6.0
Australia,AUS,2003,82.5999984741211,,98.6156997680664,23718.13,80.24,5.9
Australia,AUS,2004,83.0999984741211,,98.88044738769531,30836.73,80.49,5.8
Australia,AUS,2005,83.5199966430664,4.896739959716797,99.4273681640625,34479.77,80.84,5.7
Australia,AUS,2006,83.83999633789062,4.738430023193359,99.5180435180664,36595.71,81.04,5.6
Australia,AUS,2007,84.08999633789062,4.653649806976318,99.73845672607422,41051.61,81.29,5.4
Australia,AUS,2008,84.38999938964844,4.630519866943359,99.70258331298828,49701.28,81.4,5.2
Australia,AUS,2009,84.80000305175781,5.081319808959961,99.69539642333984,42816.57,81.54,5.0
Australia,AUS,2010,85.0199966430664,5.538119792938232,99.67649841308594,52144.67,81.7,4.8
Australia,AUS,2011,85.02999877929688,5.068140029907227,97.2943115234375,62605.6,81.9,4.5
Australia,AUS,2012,85.0199966430664,4.86667013168335,97.69554138183594,68072.87,82.05,4.3
Australia,AUS,2013,85.19000244140625,5.229090213775635,99.95172882080078,68190.7,82.15,4.1
Australia,AUS,2014,85.02999877929688,5.164549827575684,99.92803955078125,62544.09,82.3,4.0
Australia,AUS,2015,85.79000091552734,5.3155198097229,99.97187042236328,56739.03,82.4,3.9
Australia,AUS,2016,87.30000305175781,5.286890029907227,99.99221801757812,49888.04,82.45,3.8
Australia,AUS,2017,86.41000366210938,5.138229846954346,99.94220733642578,53901.71,82.5,3.8
Australia,AUS,2018,90.30999755859375,5.12431001663208,99.808349609375,57196.42,82.75,3.8
Australia,AUS,2019,87.33999633789062,5.1342902183532715,99.78595733642578,54972.7,82.9,3.8
Australia,AUS,2020,87.69999694824219,5.608449935913086,99.41915130615234,51791.54,83.2,3.8
Australia,AUS,2021,88.01000213623047,5.730000019073486,99.63218688964844,60607.78,83.3,3.7
Australia,AUS,2022,88.25,5.2067766189575195,99.7035903930664,64997.01,83.2,3.7
Australia,AUS,2023,88.48999786376953,,,64835.92,83.05,3.7
Brazil,BRA,2000,,3.948930025100708,,3766.55,69.58,34.5
Brazil,BRA,2001,37.11000061035156,3.844680070877075,,3176.29,69.98,32.2
Brazil,BRA,2002,41.189998626708984,3.7503700256347656,,2855.94,70.4,30.1
Brazil,BRA,2003,44.130001068115234,,,3090.61,70.88,28.1
Brazil,BRA,2004,45.849998474121094,3.974479913711548,,3663.82,71.36,26.3
Brazil,BRA,2005,47.52000045776367,4.4790802001953125,,4827.78,71.83,24.6
Brazil,BRA,2006,50.400001525878906,4.87060022354126,,5934.14,72.3,23.1
Brazil,BRA,2007,51.130001068115234,4.974259853363037,,7409.69,72.73,21.7
Brazil,BRA,2008,54.279998779296875,5.2688398361206055,,8908.33,73.11,20.5
Brazil,BRA,2009,56.810001373291016,5.463550090789795,,8678.66,73.46,19.5
Brazil,BRA,2010,,5.648799896240234,,11403.28,73.78,18.6
Brazil,BRA,2011,58.720001220703125,5.737410068511963,,13396.62,74.05,17.9
Brazil,BRA,2012,58.599998474121094,5.855100154876709,94.17987060546875,12521.72,74.33,17.2
Brazil,BRA,2013,60.11000061035156,5.838850021362305,96.0502700805664,12458.89,74.61,16.7
Brazil,BRA,2014,61.119998931884766,5.948480129241943,96.01766967773438,12274.99,74.82,16.3
Brazil,BRA,2015,63.310001373291016,6.24105978012085,95.58756256103516,8936.2,75.11,16.0
Brazil,BRA,2016,63.95000076293945,6.314040184020996,95.7434310913086,8836.29,75.08,16.8
Brazil,BRA,2017,64.25,6.320479869842529,95.77664947509766,10080.51,75.38,15.4
Brazil,BRA,2018,66.27999877929688,6.088510036468506,95.17179870605469,9300.66,75.63,15.2
Brazil,BRA,2019,69.26000213623047,5.963469982147217,95.80667114257812,9029.83,75.81,15.0
Brazil,BRA,2020,72.95999908447266,5.771500110626221,95.47927856445312,7074.19,74.51,14.9
Brazil,BRA,2021,73.37000274658203,,94.77043914794922,7972.54,73.04,14.7
Brazil,BRA,2022,73.52999877929688,,,9281.33,74.87,14.6
Canada,CAN,2000,86.36000061035156,5.4233198165893555,99.41246032714844,24271.0,79.17,6.2
Canada,CAN,2001,86.18000030517578,4.953030109405518,,23822.1,79.4,6.2
Canada,CAN,2002,85.91999816894531,4.993080139160156,,24256.02,79.53,6.2
Canada,CAN,2003,85.73999786376953,,,28301.86,79.72,6.2
Canada,CAN,2004,85.54000091552734,,,32145.54,79.99,6.1
Canada,CAN,2005,85.2300033569336,4.765880107879639,,36383.66,80.11,6.1
Canada,CAN,2006,85.04000091552734,,,40504.04,80.54,6.0
Canada,CAN,2007,84.91999816894531,4.766409873962402,,44660.08,80.54,6.0
Canada,CAN,2008,84.95999908447266,4.626120090484619,,46710.25,80.72,5.9
Canada,CAN,2009,85.02999877929688,4.840579986572266,,40874.88,81.07,5.8
Canada,CAN,2010,85.69999694824219,5.356369972229004,,47560.67,81.32,5.7
Canada,CAN,2011,85.44000244140625,5.262050151824951,,52223.86,81.48,5.6
Canada,CAN,2012,85.62999725341797,4.692587375640869,99.44081115722656,52670.34,81.66,5.6
Canada,CAN,2013,85.79000091552734,4.589009761810303,99.3509292602539,52638.12,81.74,5.5
Canada,CAN,2014,86.05000305175781,4.843589782714844,99.4990463256836,50960.84,81.78,5.4
Canada,CAN,2015,90.93000030517578,4.7393798828125,99.70841217041016,43594.19,81.83,5.4
Canada,CAN,2016,92.65999603271484,4.816420078277588,98.54702758789062,42314.06,81.94,5.3
Canada,CAN,2017,93.94999694824219,4.959969997406006,98.77420806884766,45129.63,81.81,5.2
Canada,CAN,2018,,4.888979911804199,99.02101135253906,46539.18,81.81,5.2
Canada,CAN,2019,,4.772930145263672,97.7884292602539,46352.87,82.16,5.1
Canada,CAN,2020,,4.8879499435424805,97.73841857910156,43537.84,81.54,5.1
Canada,CAN,2021,,4.594006061553955,96.29308319091797,52886.66,81.52,5.1
Canada,CAN,2022,,4.139571666717529,,56256.8,81.25,5.1
China,CHN,2000,27.540000915527344,,,969.2,72.29,36.7
China,CHN,2001,28.93000030517578,,,1065.41,72.68,34.2
China,CHN,2002,29.959999084472656,,,1163.56,73.03,31.5
China,CHN,2003,30.979999542236328,,,1306.97,73.39,28.9
China,CHN,2004,31.959999084472656,,,1530.93,73.73,26.4
China,CHN,2005,33.290000915527344,,,1777.64,74.08,24.0
China,CHN,2006,34.959999084472656,,,2129.26,74.4,21.9
China,CHN,2007,37.18000030517578,2.700734853744507,,2734.73,74.79,20.1
China,CHN,2008,39.77000045776367,3.6317882537841797,,3523.44,74.83,18.5
China,CHN,2009,42.810001373291016,3.7515220642089844,,3898.24,75.32,17.1
China,CHN,2010,43.970001220703125,3.7546424865722656,,4629.25,75.67,15.8
China,CHN,2011,50.439998626708984,3.5219650268554688,,5703.76,75.89,14.6
China,CHN,2012,54.77000045776367,3.944000005722046,,6405.06,76.2,13.5
China,CHN,2013,58.63999938964844,3.7100000381469727,,7147.04,76.45,12.5
China,CHN,2014,60.869998931884766,3.5799999237060547,,7781.07,76.71,11.5
China,CHN,2015,64.91999816894531,3.813999891281128,,8175.33,76.97,10.7
China,CHN,2016,61.22999954223633,3.760999917984009,,8254.87,77.21,9.9
China,CHN,2017,70.05999755859375,3.624000072479248,,8979.68,77.24,9.2
China,CHN,2018,74.99413299560547,3.542494535446167,,10085.66,77.71,8.6
China,CHN,2019,73.58000183105469,3.5410547256469727,,10342.9,77.94,8.0
China,CHN,2020,75.08000183105469,3.5729563236236572,,10627.46,78.02,7.5
China,CHN,2021,76.58000183105469,3.2978434562683105,,12887.44,78.12,7.0
China,CHN,2022,77.9800033569336,3.2983875274658203,,12970.61,78.2,6.6
China,CHN,2023,79.30000305175781,,,12951.18,77.95,6.2
Germany,DEU,2000,79.55999755859375,,99.91030883789062,23925.86,77.93,5.4
Germany,DEU,2001,79.48999786376953,,99.50946807861328,23878.36,78.33,5.2
Germany,DEU,2002,79.47000122070312,,97.72389221191406,25486.59,78.23,5.1
Germany,DEU,2003,79.66999816894531,,97.87114715576172,30711.1,78.38,5.0
Germany,DEU,2004,79.86000061035156,,98.01699829101562,34566.74,78.68,4.8
Germany,DEU,2005,79.94000244140625,4.107310771942139,98.2762222290039,35084.44,78.93,4.7
Germany,DEU,2006,76.77000427246094,4.02527379989624,98.07705688476562,36980.33,79.13,4.6
Germany,DEU,2007,76.67000579833984,3.9200000762939453,98.38227844238281,42350.92,79.53,4.5
Germany,DEU,2008,78.55999755859375,4.5492401123046875,98.48181915283203,46386.33,79.74,4.4
Germany,DEU,2009,75.95000457763672,4.340000152587891,98.40210723876953,42487.21,79.84,4.3
Germany,DEU,2010,79.55999755859375,5.095880031585693,98.91900634765625,42409.94,79.99,4.2
Germany,DEU,2011,80.23999786376953,4.984250068664551,99.40421295166016,47646.58,80.44,4.1
Germany,DEU,2012,77.60000610351562,4.928440093994141,99.1091079711914,44735.59,80.54,4.0
Germany,DEU,2013,78.97999572753906,4.935389995574951,99.08798217773438,47220.01,80.49,4.0
Germany,DEU,2014,79.27999877929688,4.921020030975342,98.76895904541016,48971.08,81.09,4.0
Germany,DEU,2015,78.75999450683594,4.85515022277832,99.14228820800781,41911.01,80.64,3.9
Germany,DEU,2016,79.7699966430664,4.839230060577393,98.25373840332031,42961.04,80.99,3.9
Germany,DEU,2017,79.97999572753906,4.871829986572266,98.92037200927734,45526.6,80.99,3.8
Germany,DEU,2018,78.94999694824219,4.979330062866211,99.12908935546875,48874.86,80.89,3.8
Germany,DEU,2019,79.68999481201172,5.116769790649414,99.04353332519531,47623.87,81.29,3.7
Germany,DEU,2020,81.27999877929688,5.587590217590332,98.8134536743164,47379.77,81.04,3.7
Germany,DEU,2021,78.37000274658203,4.510000228881836,98.5372314453125,52265.65,80.79,3.7
Germany,DEU,2022,81.44999694824219,4.543890476226807,,49686.12,80.61,3.7
Germany,DEU,2023,81.66999816894531,,,53940.41,80.54,3.7
India,IND,2000,,4.324790000915527,83.01248168945312,442.75,62.75,91.6
India,IND,2001,,,88.14370727539062,450.36,63.16,88.0
India,IND,2002,,,86.5550765991211,469.15,63.65,84.5
India,IND,2003,,3.613409996032715,91.51233673095703,544.14,64.09,81.1
India,IND,2004,,3.3525400161743164,,624.26,64.48,77.7
India,IND,2005,22.43000030517578,3.1887500286102295,,710.49,64.94,74.4
India,IND,2006,24.357669830322266,3.142849922180176,,801.67,65.37,71.1
India,IND,2007,,,99.0809097290039,1021.89,65.8,67.9
India,IND,2008,,,99.60650634765625,992.52,66.25,64.6
India,IND,2009,,3.278249979019165,98.68003845214844,1094.95,66.7,61.4
India,IND,2010,,3.377690076828003,99.13919830322266,1347.52,67.16,58.2
India,IND,2011,34.97999954223633,3.796180009841919,98.68179321289062,1445.46,67.62,55.0
India,IND,2012,,4.085000038146973,98.76750183105469,1429.32,68.08,52.0
India,IND,2013,,3.844670057296753,99.5746078491211,1432.84,68.5,49.1
India,IND,2014,,3.8989999294281006,,1553.88,68.93,46.3
India,IND,2015,,4.114999771118164,,1584.0,69.33,43.6
India,IND,2016,43.03144073486328,4.256999969482422,95.89299774169922,1707.51,69.71,41.1
India,IND,2017,,4.306000232696533,93.96900177001953,1950.1,70.07,38.7
India,IND,2018,,4.376999855041504,93.62100219726562,1966.25,70.42,36.4
India,IND,2019,50.63235092163086,3.8970000743865967,92.62699890136719,2041.43,70.75,34.3
India,IND,2020,50.5,4.293000221252441,95.94400024414062,1907.04,70.16,32.4
India,IND,2021,,4.635000228881836,97.68699645996094,2239.61,67.28,30.6
India,IND,2022,,,99.84700012207031,2347.45,71.7,29.1
India,IND,2023,,,98.52999877929688,2530.12,72.0,27.7
Italy,ITA,2000,66.55000305175781,4.291079998016357,99.86450958251953,20190.0,79.78,5.6
Italy,ITA,2001,67.37000274658203,4.650090217590332,99.78189849853516,20570.44,80.13,5.3
Italy,ITA,2002,68.19999694824219,4.432409763336182,99.79254150390625,22451.4,80.23,5.1
Italy,ITA,2003,69.12999725341797,4.541790008544922,99.71668243408203,27577.57,79.98,4.8
Italy,ITA,2004,70.13999938964844,4.385200023651123,99.8053207397461,31348.19,80.78,4.6
Italy,ITA,2005,71.13999938964844,4.23829984664917,99.62802124023438,32062.72,80.78,4.5
Italy,ITA,2006,76.8800048828125,4.525450229644775,99.61833190917969,33537.13,81.28,4.3
Italy,ITA,2007,77.63999938964844,4.105030059814453,99.59449768066406,37826.18,81.43,4.2
Italy,ITA,2008,77.8499984741211,4.3879499435424805,99.58455657958984,40828.58,81.49,4.1
Italy,ITA,2009,77.87000274658203,4.523719787597656,99.69557189941406,37099.61,81.64,4.1
Italy,ITA,2010,78.02999877929688,4.33411979675293,99.78302001953125,35856.86,82.04,4.0
Italy,ITA,2011,78.95999908447266,4.11568021774292,99.70693969726562,38432.37,82.19,3.9
Italy,ITA,2012,79.2699966430664,4.0560197830200195,99.66230773925781,34854.39,82.24,3.8
Italy,ITA,2013,79.68999481201172,4.143670082092285,99.11325073242188,35701.67,82.69,3.7
Italy,ITA,2014,81.12999725341797,4.061279773712158,98.76761627197266,36028.35,83.09,3.6
Italy,ITA,2015,81.25,4.073629856109619,98.50395965576172,30639.88,82.54,3.5
Italy,ITA,2016,81.9800033569336,3.8157899379730225,98.33323669433594,31391.57,83.24,3.4
Italy,ITA,2017,83.06999969482422,4.044939994812012,98.36013793945312,32844.12,82.95,3.3
Italy,ITA,2018,82.59000396728516,4.256140232086182,98.42704772949219,34904.11,83.35,3.2
Italy,ITA,2019,83.43000030517578,4.095270156860352,98.40126037597656,33812.79,83.5,3.1
Italy,ITA,2020,84.61000061035156,4.441949844360352,98.51525115966797,32091.49,82.2,3.0
Italy,ITA,2021,84.62000274658203,4.019999980926514,98.40480041503906,36852.54,82.65,2.9
Italy,ITA,2022,85.77999877929688,,,35653.9,82.7,2.8
Italy,ITA,2023,86.37999725341797,,,39065.42,83.7,2.8
Kenya,KEN,2000,24.65999984741211,5.186729907989502,64.95732879638672,414.63,56.08,96.3
Kenya,KEN,2001,,5.206210136413574,72.81449127197266,410.7,56.5,91.6
Kenya,KEN,2002,,6.171999931335449,70.67430114746094,402.94,56.76,86.6
Kenya,KEN,2003,24.700109481811523,6.494269847869873,85.14472961425781,442.9,57.37,81.6
Kenya,KEN,2004,,6.796929836273193,84.25711822509766,463.66,57.95,76.6
Kenya,KEN,2005,,7.3356499671936035,85.52649688720703,523.46,58.51,71.5
Kenya,KEN,2006,,7.049839973449707,85.1109619140625,699.8,59.06,67.1
Kenya,KEN,2007,,,95.40145874023438,840.2,59.41,63.2
Kenya,KEN,2008,31.065750122070312,,91.0568618774414,915.54,59.96,58.2
Kenya,KEN,2009,26.534530639648438,4.019999980926514,92.91146087646484,1047.97,60.48,55.4
Kenya,KEN,2010,,4.815489768981934,,1091.52,60.92,53.5
Kenya,KEN,2011,,4.700129985809326,,1096.14,61.28,52.2
Kenya,KEN,2012,,4.931210041046143,83.38038635253906,1285.01,61.54,51.2
Kenya,KEN,2013,,4.837210178375244,,1370.88,61.73,50.0
Kenya,KEN,2014,42.323341369628906,4.717299938201904,,1482.82,61.99,48.8
Kenya,KEN,2015,,4.743500232696533,,1489.12,62.28,47.4
Kenya,KEN,2016,,4.8951802253723145,,1554.13,62.53,46.0
Kenya,KEN,2017,,4.963089942932129,,1667.48,62.72,45.3
Kenya,KEN,2018,,5.107619762420654,,1836.45,62.82,44.3
Kenya,KEN,2019,55.60823059082031,,,1960.41,62.94,43.3
Kenya,KEN,2020,50.170738220214844,4.628155708312988,,1927.66,61.6,42.8
Kenya,KEN,2022,58.862491607666016,,,2109.56,63.55,41.1
South Africa,ZAF,2000,,4.908810138702393,79.77934265136719,3217.85,58.37,71.1
South Africa,ZAF,2001,,4.6361799240112305,81.09233093261719,2847.15,57.16,74.3
South Africa,ZAF,2002,,4.545690059661865,82.72693634033203,2688.24,55.58,76.9
South Africa,ZAF,2003,,4.352099895477295,84.38273620605469,4062.22,54.24,79.3
South Africa,ZAF,2004,,4.508979797363281,85.83735656738281,5221.46,53.96,81.0
South Africa,ZAF,2005,,4.524499893188477,87.06754302978516,5836.88,53.91,80.3
South Africa,ZAF,2006,,4.526519775390625,,6077.38,54.22,77.5
South Africa,ZAF,2007,,4.446670055389404,,6591.86,54.95,71.9
South Africa,ZAF,2008,,4.3742499351501465,,6184.75,55.98,64.2
South Africa,ZAF,2009,,4.761189937591553,,6374.71,57.41,57.0
South Africa,ZAF,2010,,5.134970188140869,,7973.47,58.89,50.0
South Africa,ZAF,2011,48.791351318359375,5.288980007171631,,8646.06,60.6,45.0
South Africa,ZAF,2012,,5.523230075836182,,8076.98,61.74,42.5
South Africa,ZAF,2013,,5.350719928741455,,7331.65,62.39,41.0
South Africa,ZAF,2014,,5.489779949188232,,6856.73,63.18,39.6
South Africa,ZAF,2015,,5.482850074768066,94.7924575805664,6112.27,64.05,38.2
South Africa,ZAF,2016,48.52037048339844,5.444240093231201,,5651.21,64.75,36.8
South Africa,ZAF,2017,,5.59867000579834,96.10662841796875,6618.34,65.42,35.8
South Africa,ZAF,2018,,5.644010066986084,92.07276153564453,6914.18,65.73,34.9
South Africa,ZAF,2019,,5.927700042724609,91.82657623291016,6533.71,66.07,34.5
South Africa,ZAF,2020,61.45637893676758,6.1833600997924805,90.4315414428711,5580.6,65.15,34.1
South Africa,ZAF,2021,63.20650863647461,6.5620598793029785,92.75930786132812,6843.4,62.01,34.1
South Africa,ZAF,2022,,6.1834797859191895,,6523.41,65.45,34.4
South Africa,ZAF,2023,,6.604000091552734,,6022.54,66.14,34.7
United States,USA,2000,87.26000213623047,,,36329.97,76.64,8.4
United States,USA,2001,87.44000244140625,,,37133.62,76.84,8.3
United States,USA,2002,87.62000274658203,,,37997.74,76.94,8.2
United States,USA,2003,87.86000061035156,,,39490.3,77.04,8.1
United States,USA,2004,88.12999725341797,,,41724.64,77.49,8.1
United States,USA,2005,88.45999908447266,6.17098331451416,99.43480682373047,44123.4,77.49,8.0
United States,USA,2006,88.77999877929688,6.164029121398926,,46301.99,77.69,7.9
United States,USA,2007,89.18000030517578,6.239999771118164,,48050.23,77.99,7.7
United States,USA,2008,89.55000305175781,6.440000057220459,,48570.06,78.04,7.6
United States,USA,2009,89.9000015258789,6.739999771118164,,47194.95,78.39,7.5
United States,USA,2010,90.1185302734375,6.690000057220459,,48642.63,78.54,7.3
United States,USA,2011,90.76000213623047,6.5,,50024.88,78.64,7.2
United States,USA,2012,91.16000366210938,6.25,,51708.39,78.74,7.0
United States,USA,2013,91.52999877929688,6.210000038146973,97.1019287109375,53297.39,78.74,6.9
United States,USA,2014,91.77999877929688,6.099999904632568,97.9743423461914,55153.39,78.84,6.8
United States,USA,2015,92.98905181884766,4.946780204772949,98.19413757324219,56849.47,78.69,6.8
United States,USA,2016,93.58892059326172,4.806660175323486,99.64002990722656,57976.63,78.54,6.7
United States,USA,2017,93.96498107910156,5.122879981994629,99.57562255859375,60047.72,78.54,6.6
United States,USA,2018,92.63999938964844,4.928890228271484,99.42578887939453,62875.67,78.64,6.5
United States,USA,2019,93.4000015258789,4.987279891967773,99.08342742919922,65227.96,78.79,6.5
United States,USA,2020,95.0361099243164,5.4354400634765625,97.99491882324219,64401.51,76.98,6.5
United States,USA,2021,94.57929992675781,5.590000152587891,95.90487670898438,71307.4,76.33,6.5
United States,USA,2022,,5.440000057220459,96.01779174804688,77860.91,77.43,6.5
